{ "height":15,
 "layers":[
        {
         "data":[0, 0, 0, 0, 0, 0, 0, 0, 0, 0, 0, 0, 0, 0, 0, 0, 0, 0, 0, 0, 0, 0, 0, 0, 0, 0, 0, 0, 0, 0, 0, 0, 0, 0, 0, 0, 0, 0, 0, 0, 0, 0, 0, 0, 0, 0, 0, 0, 0, 0, 0, 0, 0, 0, 0, 0, 0, 0, 0, 2, 2, 2, 2, 2, 2, 2, 2, 0, 0, 0, 0, 0, 0, 2, 2, 2, 2, 2, 2, 2, 2, 0, 0, 0, 0, 0, 0, 1, 1, 1, 1, 1, 1, 1, 1, 0, 0, 0, 0, 0, 0, 1, 1, 1, 1, 1, 1, 1, 1, 0, 0, 0, 0, 0, 0, 1, 1, 1, 1, 1, 1, 1, 1, 0, 0, 0, 0, 0, 0, 1, 1, 1, 1, 1, 1, 1, 1, 0, 0, 0, 0, 0, 0, 1, 1, 1, 1, 1, 1, 1, 1, 0, 0, 0, 0, 0, 0, 1, 1, 1, 1, 1, 1, 1, 1, 0, 0, 0, 0, 0, 0, 0, 0, 1, 1, 1, 1, 0, 0, 0, 0, 0, 0, 0, 0, 0, 0, 0, 1, 1, 0, 0, 0, 0, 0, 0, 0, 0, 0, 0, 0, 0, 1, 1, 0, 0, 0, 0, 0, 0],
         "height":15,
         "name":"backgroundLayer",
         "opacity":1,
         "type":"tilelayer",
         "visible":true,
         "width":14,
         "x":0,
         "y":0
        }, 
        {
         "data":[49, 49, 49, 49, 49, 49, 49, 49, 49, 49, 49, 49, 49, 49, 49, 49, 49, 49, 49, 49, 49, 49, 49, 49, 49, 49, 49, 49, 49, 49, 49, 49, 49, 49, 49, 49, 49, 49, 49, 49, 49, 49, 49, 49, 49, 49, 49, 49, 49, 49, 49, 49, 49, 49, 49, 49, 49, 49, 49, 0, 0, 0, 0, 0, 0, 0, 0, 49, 49, 49, 49, 49, 49, 0, 0, 0, 0, 0, 0, 0, 0, 49, 49, 49, 49, 49, 49, 0, 0, 0, 0, 0, 0, 0, 0, 49, 49, 49, 49, 49, 49, 0, 0, 0, 0, 0, 0, 0, 0, 49, 49, 49, 49, 49, 49, 0, 0, 0, 0, 0, 0, 0, 0, 49, 49, 49, 49, 49, 49, 0, 0, 0, 0, 0, 0, 0, 0, 49, 49, 49, 49, 49, 49, 0, 0, 0, 0, 0, 0, 0, 0, 49, 49, 49, 49, 49, 49, 0, 0, 0, 0, 0, 0, 0, 0, 49, 49, 49, 49, 49, 49, 49, 49, 0, 0, 0, 0, 49, 49, 49, 49, 49, 49, 49, 49, 49, 49, 49, 0, 0, 49, 49, 49, 49, 49, 49, 49, 49, 49, 49, 49, 49, 0, 0, 49, 49, 49, 49, 49, 49],
         "height":15,
         "name":"blockedLayer",
         "opacity":1,
         "type":"tilelayer",
         "visible":true,
         "width":14,
         "x":0,
         "y":0
        }, 
        {
         "data":[0, 0, 0, 0, 0, 0, 0, 0, 0, 0, 0, 0, 0, 0, 0, 0, 0, 0, 0, 0, 0, 0, 0, 0, 0, 0, 0, 0, 0, 0, 0, 0, 0, 0, 0, 0, 0, 0, 0, 0, 0, 0, 0, 0, 0, 0, 0, 0, 0, 0, 0, 0, 0, 0, 0, 0, 0, 0, 0, 58, 58, 58, 58, 58, 58, 58, 58, 0, 0, 0, 0, 0, 0, 58, 58, 58, 58, 58, 58, 58, 58, 0, 0, 0, 0, 0, 0, 58, 58, 58, 58, 0, 58, 58, 58, 0, 0, 0, 0, 0, 0, 0, 58, 58, 0, 0, 0, 0, 0, 0, 0, 0, 0, 0, 0, 0, 0, 0, 0, 0, 0, 0, 0, 0, 0, 0, 0, 0, 0, 0, 0, 0, 0, 0, 0, 0, 0, 0, 0, 0, 0, 0, 0, 0, 0, 0, 0, 0, 0, 0, 0, 0, 0, 0, 0, 0, 0, 58, 58, 0, 0, 0, 0, 0, 0, 0, 0, 0, 0, 0, 0, 0, 0, 0, 0, 0, 0, 0, 0, 0, 0, 0, 0, 0, 0, 0, 0, 0, 0, 0, 0, 0, 0, 0, 0, 0, 0, 0, 0, 0, 0, 0, 0, 0, 0, 0, 0, 0, 0, 0],
         "height":15,
         "name":"transBlockedLayer",
         "opacity":1,
         "type":"tilelayer",
         "visible":true,
         "width":14,
         "x":0,
         "y":0
        }, 
        {
         "data":[0, 0, 0, 0, 0, 0, 0, 0, 0, 0, 0, 0, 0, 0, 0, 0, 0, 0, 0, 0, 0, 0, 46, 0, 0, 0, 0, 0, 0, 0, 0, 0, 0, 0, 0, 0, 0, 0, 0, 0, 0, 0, 0, 0, 0, 0, 9, 10, 5, 6, 7, 0, 0, 0, 0, 0, 0, 0, 0, 0, 17, 18, 13, 14, 15, 47, 48, 0, 0, 0, 0, 0, 0, 2147483656, 25, 26, 8, 0, 54, 55, 56, 0, 0, 0, 0, 0, 0, 2147483664, 33, 34, 16, 0, 62, 63, 64, 0, 0, 0, 0, 0, 0, 0, 41, 42, 0, 0, 22, 23, 24, 0, 0, 0, 0, 0, 0, 0, 0, 0, 0, 0, 30, 31, 32, 0, 0, 0, 0, 0, 0, 0, 0, 0, 0, 0, 38, 39, 40, 0, 0, 0, 0, 0, 0, 0, 0, 0, 0, 0, 0, 0, 0, 0, 0, 0, 0, 0, 0, 11, 12, 0, 0, 0, 0, 0, 0, 0, 0, 0, 0, 0, 0, 0, 0, 0, 0, 0, 0, 0, 0, 0, 0, 0, 0, 0, 0, 0, 0, 0, 3, 4, 0, 0, 0, 0, 0, 0, 0, 0, 0, 0, 0, 0, 0, 0, 0, 0, 0, 0, 0, 0],
         "height":15,
         "name":"detailLayer1",
         "opacity":1,
         "type":"tilelayer",
         "visible":true,
         "width":14,
         "x":0,
         "y":0
        }, 
        {
         "data":[0, 0, 0, 0, 0, 0, 0, 0, 0, 0, 0, 0, 0, 0, 0, 0, 0, 0, 0, 0, 0, 0, 0, 0, 0, 0, 0, 0, 0, 0, 0, 0, 0, 0, 0, 0, 0, 0, 0, 0, 0, 0, 0, 0, 0, 0, 0, 0, 0, 0, 0, 0, 0, 0, 0, 0, 0, 0, 0, 0, 0, 0, 0, 0, 0, 0, 0, 0, 0, 0, 0, 0, 0, 0, 0, 0, 0, 0, 0, 0, 0, 0, 0, 0, 0, 0, 0, 0, 0, 0, 0, 0, 0, 0, 0, 0, 0, 0, 0, 0, 0, 0, 0, 0, 0, 0, 0, 0, 0, 0, 0, 0, 0, 0, 0, 0, 0, 0, 19, 20, 21, 0, 0, 0, 0, 0, 0, 0, 0, 0, 0, 0, 27, 28, 29, 0, 0, 0, 0, 0, 0, 0, 0, 0, 0, 0, 35, 36, 37, 0, 0, 0, 0, 0, 0, 0, 0, 0, 0, 0, 43, 44, 45, 0, 0, 0, 0, 0, 0, 0, 0, 0, 0, 0, 51, 52, 53, 0, 0, 0, 0, 0, 0, 0, 0, 0, 0, 0, 0, 0, 0, 0, 0, 0, 0, 0, 0, 0, 0, 0, 0, 0, 0, 0, 0, 0, 0, 0, 0, 0],
         "height":15,
         "name":"detailLayer2",
         "opacity":1,
         "type":"tilelayer",
         "visible":true,
         "width":14,
         "x":0,
         "y":0
        }, 
        {
         "draworder":"topdown",
         "height":0,
         "name":"objectsLayer",
         "objects":[
                {
                 "gid":57,
                 "height":32,
                 "id":22,
                 "name":"pot",
                 "properties":
                    {
                     "type":"pot1"
                    },
                 "rotation":0,
                 "type":"",
                 "visible":true,
                 "width":32,
                 "x":96,
                 "y":320
                }, 
                {
                 "gid":57,
                 "height":32,
                 "id":27,
                 "name":"pot",
                 "properties":
                    {
                     "type":"pot1"
                    },
                 "rotation":0,
                 "type":"",
                 "visible":true,
                 "width":32,
                 "x":160,
                 "y":416
                }, 
                {
                 "gid":57,
                 "height":32,
                 "id":32,
                 "name":"pot",
                 "properties":
                    {
                     "type":"pot1"
                    },
                 "rotation":0,
                 "type":"",
                 "visible":true,
                 "width":32,
                 "x":96,
                 "y":352
                }, 
                {
                 "gid":57,
                 "height":32,
                 "id":33,
                 "name":"pot",
                 "properties":
                    {
                     "type":"pot1"
                    },
                 "rotation":0,
                 "type":"",
                 "visible":true,
                 "width":32,
                 "x":160,
                 "y":384
                }, 
                {
                 "gid":57,
                 "height":32,
                 "id":34,
                 "name":"pot",
                 "properties":
                    {
                     "type":"pot1"
                    },
                 "rotation":0,
                 "type":"",
                 "visible":true,
                 "width":32,
                 "x":128,
                 "y":288
                }, 
                {
                 "gid":57,
                 "height":32,
                 "id":35,
                 "name":"pot",
                 "properties":
                    {
                     "type":"pot1"
                    },
                 "rotation":0,
                 "type":"",
                 "visible":true,
                 "width":32,
                 "x":160,
                 "y":288
                }, 
                {
                 "gid":57,
                 "height":32,
                 "id":36,
                 "name":"pot",
                 "properties":
                    {
                     "type":"pot1"
                    },
                 "rotation":0,
                 "type":"",
                 "visible":true,
                 "width":32,
                 "x":320,
                 "y":256
                }, 
                {
                 "gid":57,
                 "height":32,
                 "id":37,
                 "name":"pot",
                 "properties":
                    {
                     "type":"pot1"
                    },
                 "rotation":0,
                 "type":"",
                 "visible":true,
                 "width":32,
                 "x":320,
                 "y":288
                }, 
                {
                 "gid":57,
                 "height":32,
                 "id":38,
                 "name":"pot",
                 "properties":
                    {
                     "type":"pot1"
                    },
                 "rotation":0,
                 "type":"",
                 "visible":true,
                 "width":32,
                 "x":320,
                 "y":320
                }, 
                {
                 "gid":50,
                 "height":32,
                 "id":40,
                 "name":"",
                 "properties":
                    {

                    },
                 "rotation":0,
                 "type":"",
                 "visible":true,
                 "width":32,
                 "x":224,
                 "y":448
                }, 
                {
                 "gid":50,
                 "height":32,
                 "id":43,
                 "name":"",
                 "properties":
                    {
                     "type":"playerStart"
                    },
                 "rotation":0,
                 "type":"",
                 "visible":true,
                 "width":32,
                 "x":224,
                 "y":448
                }, 
                {
                 "gid":33,
                 "height":32,
                 "id":49,
                 "name":"item",
                 "properties":
                    {
                     "type":"item"
                    },
                 "rotation":0,
                 "type":"",
                 "visible":true,
                 "width":32,
                 "x":320,
                 "y":256
                }, 
                {
                 "gid":33,
                 "height":32,
                 "id":50,
                 "name":"item",
                 "properties":
                    {
                     "type":"item"
                    },
                 "rotation":0,
                 "type":"",
                 "visible":true,
                 "width":32,
                 "x":96,
                 "y":320
                }, 
                {
                 "gid":33,
                 "height":32,
                 "id":51,
                 "name":"item",
                 "properties":
                    {
                     "type":"item"
                    },
                 "rotation":0,
                 "type":"",
                 "visible":true,
                 "width":32,
                 "x":160,
                 "y":384
                }],
         "opacity":1,
         "type":"objectgroup",
         "visible":true,
         "width":0,
         "x":0,
         "y":0
        }, 
        {
         "data":[0, 0, 0, 0, 0, 0, 0, 0, 0, 0, 0, 0, 0, 0, 0, 0, 0, 0, 0, 0, 0, 0, 0, 0, 0, 0, 0, 0, 0, 0, 0, 0, 0, 0, 0, 0, 0, 0, 0, 0, 0, 0, 0, 0, 0, 0, 0, 0, 0, 0, 0, 0, 0, 0, 0, 0, 0, 0, 0, 0, 0, 0, 0, 0, 0, 0, 0, 0, 0, 0, 0, 0, 0, 0, 0, 0, 0, 0, 0, 0, 0, 0, 0, 0, 0, 0, 0, 0, 0, 0, 0, 0, 0, 0, 0, 0, 0, 0, 0, 0, 0, 0, 0, 0, 0, 0, 0, 0, 0, 0, 0, 0, 0, 0, 0, 0, 0, 0, 0, 0, 0, 0, 0, 0, 0, 0, 0, 0, 0, 0, 0, 0, 0, 0, 0, 0, 0, 0, 0, 0, 0, 0, 0, 0, 0, 0, 0, 0, 0, 0, 0, 0, 0, 0, 0, 0, 0, 0, 0, 0, 0, 0, 0, 0, 0, 0, 0, 0, 0, 0, 0, 0, 0, 0, 0, 0, 0, 0, 0, 0, 0, 0, 0, 0, 0, 0, 0, 0, 0, 0, 0, 0, 0, 0, 0, 0, 0, 0, 0, 0, 0, 0, 0, 0, 0, 0, 0, 0, 0, 0],
         "height":15,
         "name":"triggerLayer",
         "opacity":1,
         "type":"tilelayer",
         "visible":true,
         "width":14,
         "x":0,
         "y":0
        }, 
        {
         "data":[0, 0, 0, 0, 0, 0, 0, 0, 0, 0, 0, 0, 0, 0, 0, 0, 0, 0, 0, 0, 0, 0, 0, 0, 0, 0, 0, 0, 0, 0, 0, 0, 0, 0, 0, 0, 0, 0, 0, 0, 0, 0, 0, 0, 0, 0, 0, 0, 0, 0, 0, 0, 0, 0, 0, 0, 0, 0, 0, 0, 0, 0, 0, 0, 0, 0, 0, 0, 0, 0, 0, 0, 0, 0, 0, 0, 0, 0, 0, 0, 0, 0, 0, 0, 0, 0, 0, 0, 0, 0, 0, 0, 0, 0, 0, 0, 0, 0, 0, 0, 0, 0, 0, 0, 0, 0, 0, 0, 0, 0, 0, 0, 0, 0, 0, 0, 0, 0, 0, 0, 0, 0, 0, 0, 0, 0, 0, 0, 0, 0, 0, 0, 0, 0, 0, 0, 0, 0, 0, 0, 0, 0, 0, 0, 0, 0, 0, 0, 0, 0, 0, 0, 0, 0, 0, 0, 0, 0, 0, 0, 0, 0, 0, 0, 0, 0, 0, 0, 0, 0, 0, 0, 0, 0, 0, 0, 0, 0, 0, 0, 0, 0, 0, 0, 0, 0, 0, 0, 0, 0, 0, 0, 0, 0, 0, 0, 0, 0, 0, 0, 0, 0, 58, 58, 0, 0, 0, 0, 0, 0],
         "height":15,
         "name":"levelExitLayer",
         "opacity":1,
         "type":"tilelayer",
         "visible":true,
         "width":14,
         "x":0,
         "y":0
        }],
 "nextobjectid":62,
 "orientation":"orthogonal",
 "properties":
    {

    },
 "renderorder":"right-down",
 "tileheight":32,
 "tilesets":[
        {
         "firstgid":1,
         "image":"..\/img\/tiles-lvl1-32x32.png",
         "imageheight":256,
         "imagewidth":256,
         "margin":0,
         "name":"tiles-lvl1-32x32",
         "properties":
            {

            },
         "spacing":0,
         "tileheight":32,
         "tilewidth":32
        }],
 "tilewidth":32,
 "version":1,
 "width":14
}