{ "height":15,
 "layers":[
        {
         "data":[0, 0, 0, 0, 0, 0, 0, 0, 0, 0, 0, 0, 0, 0, 0, 0, 0, 25, 25, 25, 25, 0, 0, 0, 0, 0, 0, 0, 0, 0, 0, 33, 33, 33, 33, 0, 0, 0, 0, 0, 0, 0, 0, 61, 61, 2, 1, 2, 1, 25, 25, 25, 25, 0, 0, 0, 0, 61, 61, 3, 3, 11, 2, 33, 33, 33, 33, 25, 0, 0, 0, 0, 0, 2, 1, 4, 1, 2, 1, 2, 1, 33, 0, 0, 0, 0, 3, 3, 3, 5, 6, 2147483651, 2147483651, 2147483651, 2147483651, 3, 3, 0, 0, 0, 1, 2, 1, 2, 4, 2, 1, 2, 1, 0, 0, 0, 0, 25, 2, 1, 2, 1, 4, 1, 2, 1, 2, 25, 0, 0, 0, 33, 1, 2, 1, 2, 4, 2, 1, 2, 1, 33, 0, 0, 0, 1, 2, 1, 2, 1, 13, 3, 11, 1, 2, 1, 0, 0, 0, 0, 1, 2, 1, 2, 1, 2, 4, 2, 1, 0, 0, 0, 0, 0, 0, 0, 0, 1, 2, 1, 4, 61, 61, 0, 0, 0, 0, 0, 0, 0, 0, 2, 1, 2, 13, 2, 0, 0, 0, 0, 0, 0, 0, 0, 0, 0, 0, 0, 0, 0, 0, 0, 0, 0],
         "height":15,
         "name":"backgroundLayer",
         "opacity":1,
         "type":"tilelayer",
         "visible":true,
         "width":14,
         "x":0,
         "y":0
        }, 
        {
         "data":[61, 61, 61, 61, 61, 61, 61, 61, 61, 61, 61, 61, 61, 61, 61, 61, 61, 0, 0, 0, 0, 61, 61, 61, 61, 61, 61, 61, 61, 61, 61, 0, 0, 0, 0, 61, 61, 61, 61, 61, 61, 61, 61, 0, 0, 0, 0, 0, 0, 0, 0, 0, 0, 61, 61, 61, 61, 0, 0, 0, 0, 0, 0, 0, 0, 0, 0, 0, 61, 61, 0, 0, 61, 0, 0, 0, 0, 0, 0, 0, 0, 0, 61, 61, 0, 0, 0, 0, 0, 0, 0, 0, 0, 0, 0, 0, 0, 61, 61, 61, 0, 0, 0, 0, 0, 0, 0, 0, 0, 61, 61, 61, 61, 0, 0, 0, 0, 0, 0, 0, 0, 0, 0, 0, 61, 61, 61, 0, 0, 0, 0, 0, 0, 0, 0, 0, 0, 0, 61, 61, 61, 0, 0, 0, 0, 0, 0, 0, 0, 0, 0, 0, 61, 61, 61, 61, 0, 0, 0, 0, 0, 0, 0, 0, 0, 61, 61, 61, 61, 61, 61, 61, 61, 0, 0, 0, 0, 61, 0, 61, 61, 61, 61, 61, 61, 61, 61, 0, 0, 0, 0, 0, 61, 61, 61, 61, 61, 61, 61, 61, 61, 61, 0, 61, 61, 61, 61, 61, 61, 61],
         "height":15,
         "name":"blockedLayer",
         "opacity":1,
         "type":"tilelayer",
         "visible":true,
         "width":14,
         "x":0,
         "y":0
        }, 
        {
         "data":[0, 0, 0, 0, 41, 42, 0, 0, 0, 0, 0, 0, 0, 0, 0, 0, 0, 21, 49, 50, 22, 0, 0, 0, 0, 0, 0, 0, 0, 0, 0, 29, 57, 58, 30, 0, 43, 44, 0, 0, 0, 0, 0, 9, 10, 34, 0, 0, 26, 21, 51, 52, 22, 0, 0, 0, 0, 17, 18, 0, 0, 0, 0, 29, 59, 60, 30, 0, 0, 0, 9, 10, 0, 0, 0, 0, 0, 34, 0, 0, 26, 0, 0, 0, 17, 18, 0, 0, 0, 0, 0, 0, 0, 0, 0, 0, 0, 0, 0, 0, 0, 38, 39, 40, 0, 0, 0, 0, 0, 0, 0, 0, 0, 0, 0, 46, 47, 48, 0, 0, 0, 0, 0, 0, 0, 0, 0, 0, 0, 54, 55, 56, 0, 0, 0, 0, 0, 0, 0, 0, 0, 0, 0, 0, 0, 53, 0, 0, 0, 0, 0, 0, 0, 0, 0, 0, 0, 0, 0, 0, 0, 0, 0, 0, 0, 0, 0, 0, 0, 0, 0, 0, 0, 0, 0, 0, 0, 7, 8, 0, 0, 0, 0, 0, 0, 0, 0, 0, 0, 0, 0, 15, 16, 0, 0, 0, 0, 0, 0, 0, 0, 0, 0, 0, 0, 0, 0, 0, 0, 0],
         "height":15,
         "name":"detailLayer1",
         "opacity":1,
         "type":"tilelayer",
         "visible":true,
         "width":14,
         "x":0,
         "y":0
        }, 
        {
         "data":[0, 0, 0, 0, 0, 0, 0, 0, 0, 0, 0, 0, 0, 0, 0, 0, 0, 62, 62, 62, 62, 0, 0, 0, 0, 0, 0, 0, 0, 0, 0, 62, 62, 62, 62, 0, 0, 0, 0, 0, 0, 0, 0, 0, 0, 62, 0, 0, 62, 62, 62, 62, 62, 0, 0, 0, 0, 0, 0, 0, 0, 0, 62, 62, 62, 62, 62, 62, 0, 0, 0, 0, 0, 0, 62, 0, 62, 62, 0, 0, 62, 62, 0, 0, 0, 0, 0, 0, 62, 0, 0, 0, 0, 0, 0, 0, 0, 0, 0, 0, 0, 0, 62, 62, 0, 62, 0, 0, 0, 0, 0, 0, 0, 62, 0, 0, 62, 0, 0, 62, 62, 0, 0, 62, 0, 0, 0, 62, 0, 0, 62, 0, 0, 0, 0, 0, 0, 62, 0, 0, 0, 0, 0, 0, 62, 0, 0, 0, 0, 0, 0, 0, 0, 0, 0, 0, 0, 0, 0, 0, 0, 62, 0, 0, 0, 0, 0, 0, 0, 0, 0, 0, 0, 0, 0, 62, 0, 0, 0, 0, 0, 0, 0, 0, 0, 0, 0, 0, 0, 0, 0, 0, 0, 0, 0, 0, 0, 0, 0, 0, 0, 0, 0, 0, 0, 0, 0, 0, 0, 0],
         "height":15,
         "name":"transBlockedLayer",
         "opacity":1,
         "type":"tilelayer",
         "visible":true,
         "width":14,
         "x":0,
         "y":0
        }, 
        {
         "draworder":"topdown",
         "height":0,
         "name":"objectsLayer",
         "objects":[
                {
                 "gid":37,
                 "height":32,
                 "id":179,
                 "name":"",
                 "properties":
                    {
                     "type":"pot3"
                    },
                 "rotation":0,
                 "type":"",
                 "visible":true,
                 "width":32,
                 "x":32,
                 "y":352
                }, 
                {
                 "gid":37,
                 "height":32,
                 "id":181,
                 "name":"",
                 "properties":
                    {
                     "type":"pot3"
                    },
                 "rotation":0,
                 "type":"",
                 "visible":true,
                 "width":32,
                 "x":96,
                 "y":384
                }, 
                {
                 "gid":37,
                 "height":32,
                 "id":182,
                 "name":"",
                 "properties":
                    {
                     "type":"pot3"
                    },
                 "rotation":0,
                 "type":"",
                 "visible":true,
                 "width":32,
                 "x":128,
                 "y":384
                }, 
                {
                 "gid":37,
                 "height":32,
                 "id":183,
                 "name":"",
                 "properties":
                    {
                     "type":"pot3"
                    },
                 "rotation":0,
                 "type":"",
                 "visible":true,
                 "width":32,
                 "x":160,
                 "y":448
                }, 
                {
                 "gid":37,
                 "height":32,
                 "id":185,
                 "name":"",
                 "properties":
                    {
                     "type":"pot3"
                    },
                 "rotation":0,
                 "type":"",
                 "visible":true,
                 "width":32,
                 "x":160,
                 "y":416
                }, 
                {
                 "gid":37,
                 "height":32,
                 "id":186,
                 "name":"",
                 "properties":
                    {
                     "type":"pot3"
                    },
                 "rotation":0,
                 "type":"",
                 "visible":true,
                 "width":32,
                 "x":352,
                 "y":352
                }, 
                {
                 "gid":37,
                 "height":32,
                 "id":188,
                 "name":"",
                 "properties":
                    {
                     "type":"pot3"
                    },
                 "rotation":0,
                 "type":"",
                 "visible":true,
                 "width":32,
                 "x":96,
                 "y":192
                }, 
                {
                 "gid":37,
                 "height":32,
                 "id":189,
                 "name":"",
                 "properties":
                    {
                     "type":"pot3"
                    },
                 "rotation":0,
                 "type":"",
                 "visible":true,
                 "width":32,
                 "x":128,
                 "y":192
                }, 
                {
                 "gid":37,
                 "height":32,
                 "id":191,
                 "name":"",
                 "properties":
                    {
                     "type":"pot3"
                    },
                 "rotation":0,
                 "type":"",
                 "visible":true,
                 "width":32,
                 "x":128,
                 "y":128
                }, 
                {
                 "gid":37,
                 "height":32,
                 "id":192,
                 "name":"",
                 "properties":
                    {
                     "type":"pot3"
                    },
                 "rotation":0,
                 "type":"",
                 "visible":true,
                 "width":32,
                 "x":160,
                 "y":128
                }, 
                {
                 "gid":37,
                 "height":32,
                 "id":193,
                 "name":"",
                 "properties":
                    {
                     "type":"pot3"
                    },
                 "rotation":0,
                 "type":"",
                 "visible":true,
                 "width":32,
                 "x":256,
                 "y":192
                }, 
                {
                 "gid":37,
                 "height":32,
                 "id":194,
                 "name":"",
                 "properties":
                    {
                     "type":"pot3"
                    },
                 "rotation":0,
                 "type":"",
                 "visible":true,
                 "width":32,
                 "x":288,
                 "y":192
                }, 
                {
                 "gid":63,
                 "height":32,
                 "id":196,
                 "name":"",
                 "properties":
                    {
                     "type":"playerStart"
                    },
                 "rotation":0,
                 "type":"",
                 "visible":true,
                 "width":32,
                 "x":96,
                 "y":160
                }, 
                {
                 "gid":37,
                 "height":32,
                 "id":200,
                 "name":"",
                 "properties":
                    {
                     "type":"pot3"
                    },
                 "rotation":0,
                 "type":"",
                 "visible":true,
                 "width":32,
                 "x":320,
                 "y":320
                }, 
                {
                 "gid":37,
                 "height":32,
                 "id":201,
                 "name":"",
                 "properties":
                    {
                     "type":"pot3"
                    },
                 "rotation":0,
                 "type":"",
                 "visible":true,
                 "width":32,
                 "x":320,
                 "y":352
                }, 
                {
                 "gid":37,
                 "height":32,
                 "id":202,
                 "name":"",
                 "properties":
                    {
                     "type":"pot3"
                    },
                 "rotation":0,
                 "type":"",
                 "visible":true,
                 "width":32,
                 "x":320,
                 "y":384
                }, 
                {
                 "gid":37,
                 "height":32,
                 "id":203,
                 "name":"",
                 "properties":
                    {
                     "type":"pot3"
                    },
                 "rotation":0,
                 "type":"",
                 "visible":true,
                 "width":32,
                 "x":288,
                 "y":384
                }, 
                {
                 "gid":37,
                 "height":32,
                 "id":206,
                 "name":"",
                 "properties":
                    {
                     "type":"pot3"
                    },
                 "rotation":0,
                 "type":"",
                 "visible":true,
                 "width":32,
                 "x":320,
                 "y":288
                }, 
                {
                 "gid":37,
                 "height":32,
                 "id":207,
                 "name":"",
                 "properties":
                    {
                     "type":"pot3"
                    },
                 "rotation":0,
                 "type":"",
                 "visible":true,
                 "width":32,
                 "x":64,
                 "y":352
                }, 
                {
                 "gid":37,
                 "height":32,
                 "id":208,
                 "name":"",
                 "properties":
                    {
                     "type":"pot3"
                    },
                 "rotation":0,
                 "type":"",
                 "visible":true,
                 "width":32,
                 "x":64,
                 "y":384
                }, 
                {
                 "gid":19,
                 "height":32,
                 "id":217,
                 "name":"",
                 "properties":
                    {
                     "type":"item"
                    },
                 "rotation":0,
                 "type":"",
                 "visible":true,
                 "width":32,
                 "x":96,
                 "y":384
                }, 
                {
                 "gid":19,
                 "height":32,
                 "id":218,
                 "name":"",
                 "properties":
                    {
                     "type":"item"
                    },
                 "rotation":0,
                 "type":"",
                 "visible":true,
                 "width":32,
                 "x":32,
                 "y":352
                }, 
                {
                 "gid":19,
                 "height":32,
                 "id":220,
                 "name":"",
                 "properties":
                    {
                     "type":"item"
                    },
                 "rotation":0,
                 "type":"",
                 "visible":true,
                 "width":32,
                 "x":160,
                 "y":448
                }, 
                {
                 "gid":19,
                 "height":32,
                 "id":221,
                 "name":"",
                 "properties":
                    {
                     "type":"item"
                    },
                 "rotation":0,
                 "type":"",
                 "visible":true,
                 "width":32,
                 "x":320,
                 "y":352
                }, 
                {
                 "gid":19,
                 "height":32,
                 "id":222,
                 "name":"",
                 "properties":
                    {
                     "type":"item"
                    },
                 "rotation":0,
                 "type":"",
                 "visible":true,
                 "width":32,
                 "x":352,
                 "y":352
                }, 
                {
                 "gid":19,
                 "height":32,
                 "id":223,
                 "name":"",
                 "properties":
                    {
                     "type":"item"
                    },
                 "rotation":0,
                 "type":"",
                 "visible":true,
                 "width":32,
                 "x":320,
                 "y":288
                }, 
                {
                 "gid":19,
                 "height":32,
                 "id":224,
                 "name":"",
                 "properties":
                    {
                     "type":"item"
                    },
                 "rotation":0,
                 "type":"",
                 "visible":true,
                 "width":32,
                 "x":288,
                 "y":192
                }, 
                {
                 "gid":19,
                 "height":32,
                 "id":225,
                 "name":"",
                 "properties":
                    {
                     "type":"item"
                    },
                 "rotation":0,
                 "type":"",
                 "visible":true,
                 "width":32,
                 "x":160,
                 "y":128
                }, 
                {
                 "gid":19,
                 "height":32,
                 "id":234,
                 "name":"",
                 "properties":
                    {
                     "type":"item"
                    },
                 "rotation":0,
                 "type":"",
                 "visible":true,
                 "width":32,
                 "x":96,
                 "y":192
                }, 
                {
                 "gid":63,
                 "height":32,
                 "id":235,
                 "name":"",
                 "properties":
                    {
                     "type":"npcStart1"
                    },
                 "rotation":0,
                 "type":"",
                 "visible":true,
                 "width":32,
                 "x":160,
                 "y":288
                }, 
                {
                 "gid":20,
                 "height":32,
                 "id":237,
                 "name":"",
                 "properties":
                    {
                     "type":"statueStart"
                    },
                 "rotation":0,
                 "type":"",
                 "visible":true,
                 "width":32,
                 "x":256,
                 "y":224
                }],
         "opacity":1,
         "type":"objectgroup",
         "visible":true,
         "width":0,
         "x":0,
         "y":0
        }, 
        {
         "data":[0, 0, 0, 0, 0, 0, 0, 0, 0, 0, 0, 0, 0, 0, 0, 0, 0, 0, 0, 0, 0, 0, 0, 0, 0, 0, 0, 0, 0, 0, 0, 0, 0, 0, 0, 0, 0, 0, 0, 0, 0, 0, 0, 0, 0, 0, 0, 0, 0, 0, 0, 0, 0, 0, 0, 0, 0, 0, 0, 0, 0, 0, 0, 0, 0, 0, 0, 0, 0, 0, 0, 0, 0, 0, 0, 0, 0, 0, 0, 0, 0, 0, 0, 0, 0, 0, 0, 0, 0, 0, 0, 0, 0, 0, 0, 0, 0, 0, 0, 0, 0, 0, 0, 0, 0, 0, 0, 0, 0, 0, 0, 0, 0, 0, 0, 0, 0, 0, 0, 0, 0, 0, 0, 0, 0, 0, 0, 0, 0, 0, 0, 45, 0, 0, 0, 0, 0, 0, 0, 0, 0, 0, 0, 0, 0, 0, 0, 0, 0, 0, 0, 0, 0, 0, 0, 0, 0, 0, 0, 0, 0, 0, 0, 0, 0, 0, 0, 0, 0, 0, 0, 0, 0, 0, 0, 0, 0, 0, 0, 0, 0, 0, 0, 0, 0, 0, 0, 0, 0, 0, 0, 0, 0, 0, 0, 0, 0, 0, 0, 0, 0, 0, 0, 0, 0, 0, 0, 0, 0, 0],
         "height":15,
         "name":"detailLayer3_overChar",
         "opacity":1,
         "type":"tilelayer",
         "visible":true,
         "width":14,
         "x":0,
         "y":0
        }, 
        {
         "data":[0, 0, 0, 0, 0, 0, 0, 0, 0, 0, 0, 0, 0, 0, 0, 0, 0, 0, 0, 0, 0, 0, 0, 0, 0, 0, 0, 0, 0, 0, 0, 0, 0, 0, 0, 0, 0, 0, 0, 0, 0, 0, 0, 0, 0, 0, 0, 0, 0, 0, 0, 0, 0, 0, 0, 0, 0, 0, 0, 0, 0, 0, 0, 0, 0, 0, 0, 0, 0, 0, 0, 0, 0, 0, 0, 0, 0, 0, 0, 0, 0, 0, 0, 0, 0, 0, 0, 0, 0, 0, 0, 0, 0, 0, 0, 0, 0, 0, 0, 0, 0, 0, 0, 0, 0, 0, 0, 0, 0, 0, 0, 0, 0, 0, 0, 0, 0, 0, 0, 0, 0, 0, 0, 0, 0, 0, 0, 0, 0, 0, 0, 0, 0, 0, 0, 0, 0, 0, 0, 0, 0, 0, 0, 0, 0, 0, 0, 0, 0, 0, 0, 0, 0, 0, 0, 0, 0, 0, 0, 0, 0, 0, 0, 0, 0, 0, 0, 0, 0, 0, 0, 0, 0, 0, 0, 0, 0, 0, 0, 0, 0, 0, 0, 0, 0, 0, 0, 0, 0, 0, 0, 0, 0, 0, 0, 0, 0, 0, 0, 0, 0, 0, 0, 0, 0, 0, 0, 0, 0, 0],
         "height":15,
         "name":"triggerLayer",
         "opacity":1,
         "type":"tilelayer",
         "visible":true,
         "width":14,
         "x":0,
         "y":0
        }, 
        {
         "data":[0, 0, 0, 0, 0, 0, 0, 0, 0, 0, 0, 0, 0, 0, 0, 0, 0, 0, 0, 0, 0, 0, 0, 0, 0, 0, 0, 0, 0, 0, 0, 0, 0, 0, 0, 0, 0, 0, 0, 0, 0, 0, 0, 64, 64, 0, 0, 0, 0, 0, 0, 0, 0, 0, 0, 0, 0, 64, 64, 0, 0, 0, 0, 0, 0, 0, 0, 0, 0, 0, 64, 64, 0, 0, 0, 0, 0, 0, 0, 0, 0, 0, 0, 0, 64, 64, 0, 0, 0, 0, 0, 0, 0, 0, 0, 0, 64, 0, 0, 0, 0, 0, 0, 0, 0, 0, 0, 0, 0, 0, 0, 0, 0, 0, 0, 0, 0, 0, 0, 0, 0, 0, 0, 0, 0, 0, 0, 0, 0, 0, 0, 0, 0, 0, 0, 0, 0, 0, 0, 0, 0, 0, 0, 0, 0, 0, 0, 0, 0, 0, 0, 0, 0, 0, 0, 0, 0, 0, 0, 0, 0, 0, 0, 0, 0, 0, 0, 0, 0, 0, 0, 0, 0, 0, 0, 0, 0, 0, 64, 0, 0, 0, 0, 0, 0, 0, 0, 0, 0, 0, 0, 64, 64, 0, 0, 0, 0, 0, 0, 0, 0, 0, 0, 0, 0, 0, 0, 0, 0, 0],
         "height":15,
         "name":"levelExitLayer",
         "opacity":1,
         "type":"tilelayer",
         "visible":true,
         "width":14,
         "x":0,
         "y":0
        }],
 "nextobjectid":238,
 "orientation":"orthogonal",
 "properties":
    {

    },
 "renderorder":"right-down",
 "tileheight":32,
 "tilesets":[
        {
         "firstgid":1,
         "image":"..\/img\/tiles-lvl3-1-32x32.png",
         "imageheight":256,
         "imagewidth":256,
         "margin":0,
         "name":"tiles-lvl3-1-32x32",
         "properties":
            {

            },
         "spacing":0,
         "tileheight":32,
         "tilewidth":32
        }],
 "tilewidth":32,
 "version":1,
 "width":14
}