{ "height":15,
 "layers":[
        {
         "data":[0, 0, 0, 0, 0, 0, 0, 0, 0, 0, 0, 0, 0, 0, 0, 0, 0, 0, 20, 20, 20, 20, 0, 0, 0, 0, 0, 0, 0, 0, 0, 0, 28, 28, 28, 28, 0, 0, 0, 0, 0, 0, 0, 0, 0, 0, 3221225476, 3221225475, 1, 2, 20, 20, 0, 0, 0, 0, 0, 0, 0, 0, 1, 2, 3, 4, 28, 28, 0, 0, 0, 0, 0, 0, 0, 0, 9, 10, 11, 12, 7, 6, 0, 0, 0, 0, 0, 0, 0, 0, 6, 7, 8, 7, 6, 7, 0, 0, 0, 0, 0, 0, 0, 0, 7, 6, 16, 6, 7, 6, 0, 0, 0, 0, 0, 0, 0, 0, 6, 7, 6, 7, 6, 7, 0, 0, 0, 0, 0, 0, 0, 0, 7, 6, 7, 6, 7, 6, 0, 0, 0, 0, 0, 0, 0, 0, 6, 7, 6, 7, 6, 7, 0, 0, 0, 0, 0, 0, 0, 0, 0, 0, 1, 2, 3, 4, 0, 0, 0, 0, 0, 0, 0, 0, 0, 0, 9, 10, 11, 12, 0, 0, 0, 0, 0, 0, 0, 0, 0, 0, 0, 0, 0, 0, 0, 0, 0, 0, 0, 0, 0, 0, 0, 0, 0, 0, 0, 0, 0, 0, 0, 0],
         "height":15,
         "name":"backgroundLayer",
         "opacity":1,
         "type":"tilelayer",
         "visible":true,
         "width":14,
         "x":0,
         "y":0
        }, 
        {
         "data":[49, 49, 49, 49, 49, 49, 49, 49, 49, 49, 49, 49, 49, 49, 49, 49, 49, 49, 0, 0, 0, 0, 49, 49, 49, 49, 49, 49, 49, 49, 49, 49, 0, 0, 0, 0, 49, 49, 49, 49, 49, 49, 49, 49, 49, 49, 0, 0, 0, 0, 0, 0, 49, 49, 49, 49, 49, 49, 49, 49, 0, 0, 0, 0, 0, 0, 49, 49, 49, 49, 49, 49, 49, 49, 0, 0, 0, 0, 0, 0, 0, 49, 49, 49, 49, 49, 49, 0, 0, 0, 0, 0, 0, 0, 49, 49, 49, 49, 49, 49, 49, 49, 0, 0, 0, 0, 0, 0, 0, 49, 49, 49, 49, 49, 49, 0, 0, 0, 0, 0, 0, 0, 49, 49, 49, 49, 49, 49, 49, 49, 0, 0, 0, 0, 0, 0, 0, 49, 49, 49, 49, 49, 49, 0, 0, 0, 0, 0, 0, 49, 49, 49, 49, 49, 49, 49, 49, 49, 49, 49, 0, 0, 0, 0, 49, 49, 49, 49, 49, 49, 49, 49, 49, 49, 0, 0, 0, 0, 49, 49, 49, 49, 49, 49, 49, 49, 49, 49, 49, 49, 49, 49, 49, 49, 49, 49, 49, 49, 49, 49, 49, 49, 49, 49, 49, 49, 49, 49, 49, 49],
         "height":15,
         "name":"blockedLayer",
         "opacity":1,
         "type":"tilelayer",
         "visible":true,
         "width":14,
         "x":0,
         "y":0
        }, 
        {
         "data":[0, 0, 0, 0, 0, 17, 18, 19, 0, 0, 0, 0, 0, 0, 0, 0, 0, 0, 0, 25, 26, 27, 0, 0, 0, 0, 0, 0, 0, 0, 0, 0, 33, 34, 35, 36, 0, 0, 0, 0, 0, 0, 0, 0, 0, 0, 41, 42, 43, 44, 30, 0, 0, 0, 0, 0, 0, 0, 0, 0, 0, 0, 0, 0, 0, 0, 0, 0, 0, 0, 0, 0, 0, 0, 0, 0, 0, 0, 0, 0, 3221225477, 0, 0, 0, 0, 0, 0, 5, 0, 0, 0, 0, 0, 0, 0, 0, 0, 0, 0, 0, 0, 0, 0, 0, 0, 0, 0, 0, 3221225477, 0, 0, 0, 0, 0, 0, 5, 0, 0, 0, 0, 0, 29, 0, 0, 0, 0, 0, 0, 0, 0, 0, 0, 0, 0, 0, 0, 3221225477, 0, 0, 0, 0, 0, 0, 5, 22, 23, 0, 0, 0, 7, 0, 0, 0, 0, 0, 0, 0, 0, 0, 0, 37, 0, 31, 32, 0, 0, 0, 0, 0, 0, 0, 0, 0, 0, 45, 0, 39, 40, 0, 0, 0, 0, 0, 0, 0, 0, 0, 0, 0, 0, 0, 0, 0, 0, 0, 0, 0, 0, 0, 0, 0, 0, 0, 0, 0, 0, 0, 0, 0, 0],
         "height":15,
         "name":"detailLayer1",
         "opacity":1,
         "type":"tilelayer",
         "visible":true,
         "width":14,
         "x":0,
         "y":0
        }, 
        {
         "data":[0, 0, 0, 0, 0, 0, 0, 0, 0, 0, 0, 0, 0, 0, 0, 0, 0, 0, 50, 50, 50, 50, 0, 0, 0, 0, 0, 0, 0, 0, 0, 0, 50, 50, 50, 50, 0, 0, 0, 0, 0, 0, 0, 0, 0, 0, 50, 50, 50, 50, 50, 50, 0, 0, 0, 0, 0, 0, 0, 0, 0, 0, 0, 0, 50, 50, 0, 0, 0, 0, 0, 0, 0, 0, 50, 50, 50, 0, 0, 0, 0, 0, 0, 0, 0, 0, 0, 0, 0, 0, 0, 0, 0, 0, 0, 0, 0, 0, 0, 0, 0, 0, 0, 0, 0, 0, 0, 0, 0, 0, 0, 0, 0, 0, 0, 0, 0, 0, 0, 0, 0, 50, 0, 0, 0, 0, 0, 0, 0, 0, 0, 0, 0, 0, 0, 0, 0, 0, 0, 0, 0, 0, 0, 0, 50, 50, 0, 0, 0, 0, 0, 0, 0, 0, 0, 0, 0, 0, 0, 0, 0, 0, 0, 0, 0, 0, 0, 0, 0, 0, 0, 0, 0, 0, 50, 0, 0, 0, 0, 0, 0, 0, 0, 0, 0, 0, 0, 0, 0, 0, 0, 0, 0, 0, 0, 0, 0, 0, 0, 0, 0, 0, 0, 0, 0, 0, 0, 0, 0, 0],
         "height":15,
         "name":"transBlockedLayer",
         "opacity":1,
         "type":"tilelayer",
         "visible":true,
         "width":14,
         "x":0,
         "y":0
        }, 
        {
         "draworder":"topdown",
         "height":0,
         "name":"objectsLayer",
         "objects":[
                {
                 "gid":46,
                 "height":32,
                 "id":213,
                 "name":"",
                 "properties":
                    {
                     "type":"pot3_3"
                    },
                 "rotation":0,
                 "type":"",
                 "visible":true,
                 "width":32,
                 "x":128,
                 "y":288
                }, 
                {
                 "gid":47,
                 "height":32,
                 "id":214,
                 "name":"",
                 "properties":
                    {
                     "type":"pot3-3-heavy"
                    },
                 "rotation":0,
                 "type":"",
                 "visible":true,
                 "width":32,
                 "x":160,
                 "y":224
                }, 
                {
                 "gid":46,
                 "height":32,
                 "id":229,
                 "name":"",
                 "properties":
                    {
                     "type":"pot3_3"
                    },
                 "rotation":0,
                 "type":"",
                 "visible":true,
                 "width":32,
                 "x":288,
                 "y":192
                }, 
                {
                 "gid":46,
                 "height":32,
                 "id":230,
                 "name":"",
                 "properties":
                    {
                     "type":"pot3_3"
                    },
                 "rotation":0,
                 "type":"",
                 "visible":true,
                 "width":32,
                 "x":256,
                 "y":192
                }, 
                {
                 "gid":46,
                 "height":32,
                 "id":231,
                 "name":"",
                 "properties":
                    {
                     "type":"pot3_3"
                    },
                 "rotation":0,
                 "type":"",
                 "visible":true,
                 "width":32,
                 "x":288,
                 "y":224
                }, 
                {
                 "gid":46,
                 "height":32,
                 "id":232,
                 "name":"",
                 "properties":
                    {
                     "type":"pot3_3"
                    },
                 "rotation":0,
                 "type":"",
                 "visible":true,
                 "width":32,
                 "x":288,
                 "y":320
                }, 
                {
                 "gid":46,
                 "height":32,
                 "id":233,
                 "name":"",
                 "properties":
                    {
                     "type":"pot3_3"
                    },
                 "rotation":0,
                 "type":"",
                 "visible":true,
                 "width":32,
                 "x":256,
                 "y":320
                }, 
                {
                 "gid":46,
                 "height":32,
                 "id":234,
                 "name":"",
                 "properties":
                    {
                     "type":"pot3_3"
                    },
                 "rotation":0,
                 "type":"",
                 "visible":true,
                 "width":32,
                 "x":224,
                 "y":224
                }, 
                {
                 "gid":52,
                 "height":32,
                 "id":235,
                 "name":"",
                 "properties":
                    {
                     "type":"playerStart"
                    },
                 "rotation":0,
                 "type":"",
                 "visible":true,
                 "width":32,
                 "x":256,
                 "y":384
                }, 
                {
                 "gid":47,
                 "height":32,
                 "id":237,
                 "name":"",
                 "properties":
                    {
                     "type":"pot3-3-heavy"
                    },
                 "rotation":0,
                 "type":"",
                 "visible":true,
                 "width":32,
                 "x":192,
                 "y":192
                }, 
                {
                 "gid":47,
                 "height":32,
                 "id":238,
                 "name":"",
                 "properties":
                    {
                     "type":"pot3-3-heavy"
                    },
                 "rotation":0,
                 "type":"",
                 "visible":true,
                 "width":32,
                 "x":160,
                 "y":192
                }],
         "opacity":1,
         "type":"objectgroup",
         "visible":true,
         "width":0,
         "x":0,
         "y":0
        }, 
        {
         "data":[0, 0, 0, 0, 0, 0, 0, 0, 0, 0, 0, 0, 0, 0, 0, 0, 0, 0, 0, 0, 0, 0, 0, 0, 0, 0, 0, 0, 0, 0, 0, 0, 0, 0, 0, 0, 0, 0, 0, 0, 0, 0, 0, 0, 0, 0, 0, 0, 0, 0, 0, 0, 0, 0, 0, 0, 0, 0, 0, 0, 13, 14, 15, 0, 0, 0, 0, 0, 0, 0, 0, 0, 0, 0, 13, 14, 15, 0, 0, 0, 0, 0, 0, 0, 0, 0, 0, 0, 0, 0, 0, 0, 0, 0, 0, 0, 0, 0, 0, 0, 0, 0, 0, 0, 0, 0, 0, 21, 0, 0, 0, 0, 0, 0, 0, 0, 0, 0, 0, 0, 0, 0, 0, 0, 0, 0, 0, 0, 0, 0, 0, 0, 0, 0, 0, 0, 0, 0, 0, 0, 0, 0, 0, 0, 0, 0, 0, 0, 0, 24, 0, 0, 0, 0, 0, 0, 0, 0, 0, 0, 0, 0, 0, 0, 0, 0, 0, 0, 0, 0, 0, 0, 0, 0, 0, 0, 0, 0, 0, 0, 0, 0, 0, 0, 0, 0, 0, 0, 0, 0, 0, 0, 0, 0, 0, 0, 0, 0, 0, 0, 0, 0, 0, 0, 0, 0, 0, 0, 0, 0],
         "height":15,
         "name":"detailLayer3_overChar",
         "opacity":1,
         "type":"tilelayer",
         "visible":true,
         "width":14,
         "x":0,
         "y":0
        }, 
        {
         "data":[0, 0, 0, 0, 0, 0, 0, 0, 0, 0, 0, 0, 0, 0, 0, 0, 0, 0, 0, 0, 0, 0, 0, 0, 0, 0, 0, 0, 0, 0, 0, 0, 0, 0, 0, 0, 0, 0, 0, 0, 0, 0, 0, 0, 0, 0, 0, 0, 0, 0, 0, 0, 0, 0, 0, 0, 0, 0, 0, 0, 0, 0, 0, 0, 0, 0, 0, 0, 0, 0, 0, 0, 0, 0, 0, 0, 0, 0, 0, 0, 0, 0, 0, 0, 0, 0, 0, 0, 0, 0, 50, 0, 0, 0, 0, 0, 0, 0, 0, 0, 0, 0, 0, 0, 50, 0, 0, 0, 0, 0, 0, 0, 0, 0, 0, 0, 0, 0, 0, 0, 0, 0, 0, 0, 0, 0, 0, 0, 0, 0, 0, 0, 0, 0, 0, 0, 0, 0, 0, 0, 0, 0, 0, 0, 0, 0, 0, 0, 0, 0, 0, 0, 0, 0, 0, 0, 0, 0, 0, 0, 0, 0, 0, 0, 0, 0, 0, 0, 0, 0, 0, 0, 0, 0, 0, 0, 0, 0, 0, 0, 0, 0, 0, 0, 0, 0, 0, 0, 0, 0, 0, 0, 0, 0, 0, 0, 0, 0, 0, 0, 0, 0, 0, 0, 0, 0, 0, 0, 0, 0],
         "height":15,
         "name":"triggerLayer",
         "opacity":1,
         "type":"tilelayer",
         "visible":true,
         "width":14,
         "x":0,
         "y":0
        }, 
        {
         "data":[0, 0, 0, 0, 0, 0, 0, 0, 0, 0, 0, 0, 0, 0, 0, 0, 0, 0, 0, 0, 0, 0, 0, 0, 0, 0, 0, 0, 0, 0, 0, 0, 0, 0, 0, 0, 0, 0, 0, 0, 0, 0, 0, 0, 0, 0, 0, 0, 0, 0, 0, 0, 0, 0, 0, 0, 0, 0, 0, 0, 0, 0, 0, 0, 0, 0, 0, 0, 0, 0, 0, 0, 0, 0, 0, 0, 0, 0, 0, 0, 0, 0, 0, 0, 0, 0, 0, 0, 0, 0, 0, 0, 0, 0, 0, 0, 0, 0, 0, 0, 0, 0, 0, 0, 0, 0, 0, 0, 0, 0, 0, 0, 0, 0, 0, 0, 0, 0, 0, 0, 0, 0, 0, 0, 0, 0, 0, 0, 0, 0, 0, 0, 0, 0, 0, 0, 0, 0, 0, 0, 0, 0, 0, 0, 0, 0, 0, 0, 0, 0, 0, 0, 0, 0, 0, 0, 0, 0, 0, 0, 0, 0, 0, 51, 0, 0, 0, 0, 0, 0, 0, 0, 0, 0, 0, 0, 0, 51, 0, 0, 0, 0, 0, 0, 0, 0, 0, 0, 0, 0, 0, 0, 0, 0, 0, 0, 0, 0, 0, 0, 0, 0, 0, 0, 0, 0, 0, 0, 0, 0],
         "height":15,
         "name":"levelExitLayer",
         "opacity":0.360000014305115,
         "type":"tilelayer",
         "visible":true,
         "width":14,
         "x":0,
         "y":0
        }],
 "nextobjectid":239,
 "orientation":"orthogonal",
 "properties":
    {

    },
 "renderorder":"right-down",
 "tileheight":32,
 "tilesets":[
        {
         "firstgid":1,
         "image":"..\/img\/tiles-lvl3-3-32x32.png",
         "imageheight":224,
         "imagewidth":256,
         "margin":0,
         "name":"tiles-lvl3-3-32x32",
         "properties":
            {

            },
         "spacing":0,
         "tileheight":32,
         "tileproperties":
            {
             "45":
                {
                 "type":"pot3_3"
                },
             "46":
                {
                 "type":"pot-3-3-heavy"
                }
            },
         "tilewidth":32
        }],
 "tilewidth":32,
 "version":1,
 "width":14
}