{ "height":15,
 "layers":[
        {
         "data":[0, 13, 13, 13, 13, 13, 13, 13, 13, 13, 13, 13, 13, 0, 0, 1, 1, 1, 1, 1, 2, 2, 1, 1, 1, 1, 1, 0, 0, 1, 1, 1, 1, 1, 1, 1, 1, 1, 1, 1, 1, 0, 0, 1, 1, 1, 1, 1, 1, 1, 1, 1, 1, 1, 1, 0, 0, 1, 1, 1, 1, 1, 1, 1, 1, 1, 1, 1, 1, 0, 0, 1, 1, 1, 1, 1, 1, 1, 1, 1, 1, 1, 1, 0, 0, 1, 1, 1, 1, 1, 1, 1, 1, 1, 1, 1, 1, 0, 0, 1, 1, 1, 1, 1, 1, 1, 1, 1, 1, 1, 1, 0, 0, 1, 1, 1, 1, 1, 1, 1, 1, 1, 1, 1, 1, 0, 0, 1, 1, 1, 1, 1, 1, 1, 1, 1, 1, 1, 1, 0, 0, 1, 1, 1, 1, 1, 1, 1, 1, 1, 1, 1, 1, 0, 0, 1, 1, 1, 1, 1, 1, 1, 1, 1, 1, 1, 1, 0, 0, 0, 0, 0, 0, 0, 0, 0, 0, 0, 0, 0, 0, 0, 0, 0, 0, 0, 0, 0, 0, 0, 0, 0, 0, 0, 0, 0, 0, 0, 0, 0, 0, 0, 0, 0, 0, 0, 0, 0, 0, 0],
         "height":15,
         "name":"backgroundLayer",
         "opacity":1,
         "type":"tilelayer",
         "visible":true,
         "width":14,
         "x":0,
         "y":0
        }, 
        {
         "data":[138, 0, 0, 0, 0, 0, 0, 0, 0, 0, 0, 0, 0, 138, 138, 0, 0, 0, 0, 0, 0, 0, 0, 0, 0, 0, 0, 138, 138, 0, 0, 0, 0, 0, 0, 0, 0, 0, 0, 0, 0, 138, 138, 0, 0, 0, 0, 0, 0, 0, 0, 0, 0, 0, 0, 138, 138, 0, 0, 0, 0, 0, 0, 0, 0, 0, 0, 0, 0, 138, 138, 0, 0, 0, 0, 0, 0, 0, 0, 0, 0, 0, 0, 138, 138, 0, 0, 0, 0, 0, 0, 0, 0, 0, 0, 0, 0, 138, 138, 0, 0, 0, 0, 0, 0, 0, 0, 0, 0, 0, 0, 138, 138, 0, 0, 0, 0, 0, 0, 0, 0, 0, 0, 0, 0, 138, 138, 0, 0, 0, 0, 0, 0, 0, 0, 0, 0, 0, 0, 138, 138, 0, 0, 0, 0, 0, 0, 0, 0, 0, 0, 0, 0, 138, 138, 0, 0, 0, 0, 0, 0, 0, 0, 0, 0, 0, 0, 138, 138, 138, 138, 138, 138, 138, 138, 138, 138, 138, 138, 138, 138, 138, 138, 138, 138, 138, 138, 138, 138, 138, 138, 138, 138, 138, 138, 138, 138, 138, 138, 138, 138, 138, 138, 138, 138, 138, 138, 138, 138, 138],
         "height":15,
         "name":"blockedLayer",
         "opacity":1,
         "type":"tilelayer",
         "visible":true,
         "width":14,
         "x":0,
         "y":0
        }, 
        {
         "data":[0, 12, 49, 50, 51, 52, 14, 15, 53, 54, 68, 69, 70, 0, 0, 23, 60, 61, 62, 63, 25, 26, 64, 65, 79, 80, 81, 0, 0, 34, 71, 72, 73, 74, 0, 0, 75, 76, 90, 91, 92, 0, 0, 45, 136, 137, 0, 0, 0, 0, 0, 0, 0, 0, 55, 0, 0, 56, 0, 5, 6, 7, 8, 9, 10, 11, 0, 0, 66, 0, 0, 67, 0, 16, 17, 18, 19, 20, 21, 22, 0, 0, 77, 0, 0, 78, 0, 27, 28, 29, 30, 31, 32, 33, 0, 0, 88, 0, 0, 0, 0, 38, 39, 40, 41, 42, 43, 44, 0, 0, 99, 0, 0, 0, 0, 0, 0, 0, 0, 0, 0, 0, 0, 0, 0, 0, 0, 0, 0, 0, 0, 0, 0, 0, 0, 0, 0, 36, 37, 0, 0, 0, 0, 0, 0, 0, 0, 0, 0, 0, 0, 47, 48, 0, 0, 0, 0, 0, 0, 0, 0, 0, 0, 0, 0, 58, 59, 0, 0, 0, 0, 0, 0, 0, 0, 0, 0, 0, 0, 0, 0, 0, 0, 0, 0, 0, 0, 0, 0, 0, 0, 0, 0, 0, 0, 0, 0, 0, 0, 0, 0, 0, 0, 0, 0, 0, 0, 0, 0, 0],
         "height":15,
         "name":"detailLayer1",
         "opacity":1,
         "type":"tilelayer",
         "visible":true,
         "width":14,
         "x":0,
         "y":0
        }, 
        {
         "data":[0, 86, 0, 0, 0, 0, 0, 0, 0, 0, 0, 0, 0, 0, 0, 97, 0, 0, 0, 0, 0, 0, 0, 0, 0, 0, 0, 0, 0, 0, 24, 0, 0, 0, 0, 0, 0, 0, 0, 46, 0, 0, 0, 0, 35, 0, 0, 0, 0, 0, 136, 137, 150, 57, 87, 0, 0, 85, 135, 0, 0, 0, 0, 0, 0, 0, 0, 135, 98, 0, 0, 96, 2147483795, 2147483794, 0, 93, 0, 0, 0, 0, 0, 0, 89, 0, 0, 0, 0, 0, 0, 0, 0, 0, 94, 148, 149, 0, 0, 0, 0, 0, 0, 0, 0, 0, 135, 0, 146, 147, 0, 0, 0, 0, 0, 122, 123, 124, 125, 126, 0, 0, 0, 0, 0, 0, 0, 0, 0, 0, 0, 0, 0, 0, 0, 0, 0, 0, 151, 0, 0, 0, 0, 147, 0, 127, 0, 0, 152, 131, 152, 0, 0, 0, 0, 0, 0, 0, 0, 146, 147, 152, 142, 0, 0, 0, 0, 0, 0, 0, 0, 0, 0, 0, 0, 0, 0, 0, 0, 0, 0, 0, 0, 0, 0, 0, 0, 0, 0, 0, 0, 0, 0, 0, 0, 0, 0, 0, 0, 0, 0, 0, 0, 0, 0, 0, 0, 0, 0, 0, 0, 0],
         "height":15,
         "name":"detailLayer2",
         "opacity":1,
         "type":"tilelayer",
         "visible":true,
         "width":14,
         "x":0,
         "y":0
        }, 
        {
         "data":[0, 139, 139, 139, 139, 139, 139, 139, 139, 139, 139, 139, 139, 0, 0, 139, 139, 139, 139, 139, 139, 139, 139, 139, 139, 139, 139, 0, 0, 139, 139, 139, 139, 139, 0, 0, 139, 139, 139, 139, 139, 0, 0, 139, 139, 0, 0, 0, 0, 0, 0, 0, 0, 139, 139, 0, 0, 139, 0, 0, 0, 0, 0, 0, 0, 0, 0, 0, 139, 0, 0, 139, 0, 0, 0, 139, 0, 0, 0, 0, 0, 0, 139, 0, 0, 139, 0, 0, 0, 0, 0, 0, 139, 0, 0, 0, 139, 0, 0, 0, 0, 0, 0, 0, 0, 0, 0, 0, 0, 0, 139, 0, 0, 0, 139, 139, 139, 139, 139, 139, 0, 0, 0, 0, 0, 0, 0, 0, 0, 139, 139, 139, 139, 139, 0, 0, 0, 139, 139, 0, 0, 0, 0, 0, 0, 0, 0, 0, 0, 0, 0, 139, 0, 0, 0, 0, 0, 0, 0, 0, 0, 0, 0, 0, 0, 0, 0, 0, 0, 0, 0, 0, 0, 0, 0, 0, 0, 0, 0, 0, 0, 0, 0, 0, 0, 0, 0, 0, 0, 0, 0, 0, 0, 0, 0, 0, 0, 0, 0, 0, 0, 0, 0, 0, 0, 0, 0, 0, 0, 0],
         "height":15,
         "name":"transBlockedLayer",
         "opacity":1,
         "type":"tilelayer",
         "visible":true,
         "width":14,
         "x":0,
         "y":0
        }, 
        {
         "draworder":"topdown",
         "height":0,
         "name":"objectsLayer",
         "objects":[
                {
                 "gid":140,
                 "height":32,
                 "id":109,
                 "name":"",
                 "properties":
                    {
                     "type":"playerStart"
                    },
                 "rotation":0,
                 "type":"",
                 "visible":true,
                 "width":32,
                 "x":224,
                 "y":96
                }, 
                {
                 "gid":144,
                 "height":32,
                 "id":135,
                 "name":"",
                 "properties":
                    {
                     "type":"pot3"
                    },
                 "rotation":0,
                 "type":"",
                 "visible":true,
                 "width":32,
                 "x":32,
                 "y":384
                }, 
                {
                 "gid":145,
                 "height":32,
                 "id":136,
                 "name":"",
                 "properties":
                    {
                     "type":"pot2"
                    },
                 "rotation":0,
                 "type":"",
                 "visible":true,
                 "width":32,
                 "x":352,
                 "y":288
                }, 
                {
                 "gid":145,
                 "height":32,
                 "id":137,
                 "name":"",
                 "properties":
                    {
                     "type":"pot2"
                    },
                 "rotation":0,
                 "type":"",
                 "visible":true,
                 "width":32,
                 "x":352,
                 "y":256
                }, 
                {
                 "gid":145,
                 "height":32,
                 "id":138,
                 "name":"",
                 "properties":
                    {
                     "type":"pot2"
                    },
                 "rotation":0,
                 "type":"",
                 "visible":true,
                 "width":32,
                 "x":352,
                 "y":224
                }, 
                {
                 "gid":145,
                 "height":32,
                 "id":139,
                 "name":"",
                 "properties":
                    {
                     "type":"pot2"
                    },
                 "rotation":0,
                 "type":"",
                 "visible":true,
                 "width":32,
                 "x":352,
                 "y":192
                }, 
                {
                 "gid":145,
                 "height":32,
                 "id":141,
                 "name":"",
                 "properties":
                    {
                     "type":"pot2"
                    },
                 "rotation":0,
                 "type":"",
                 "visible":true,
                 "width":32,
                 "x":256,
                 "y":128
                }, 
                {
                 "gid":145,
                 "height":32,
                 "id":142,
                 "name":"",
                 "properties":
                    {
                     "type":"pot2"
                    },
                 "rotation":0,
                 "type":"",
                 "visible":true,
                 "width":32,
                 "x":64,
                 "y":160
                }, 
                {
                 "gid":144,
                 "height":32,
                 "id":143,
                 "name":"",
                 "properties":
                    {
                     "type":"pot3"
                    },
                 "rotation":0,
                 "type":"",
                 "visible":true,
                 "width":32,
                 "x":32,
                 "y":352
                }, 
                {
                 "gid":144,
                 "height":32,
                 "id":144,
                 "name":"",
                 "properties":
                    {
                     "type":"pot3"
                    },
                 "rotation":0,
                 "type":"",
                 "visible":true,
                 "width":32,
                 "x":64,
                 "y":384
                }, 
                {
                 "gid":144,
                 "height":32,
                 "id":145,
                 "name":"",
                 "properties":
                    {
                     "type":"pot3"
                    },
                 "rotation":0,
                 "type":"",
                 "visible":true,
                 "width":32,
                 "x":288,
                 "y":128
                }, 
                {
                 "gid":144,
                 "height":32,
                 "id":147,
                 "name":"",
                 "properties":
                    {
                     "type":"pot3"
                    },
                 "rotation":0,
                 "type":"",
                 "visible":true,
                 "width":32,
                 "x":96,
                 "y":384
                }, 
                {
                 "gid":133,
                 "height":32,
                 "id":148,
                 "name":"",
                 "properties":
                    {

                    },
                 "rotation":0,
                 "type":"",
                 "visible":true,
                 "width":32,
                 "x":64,
                 "y":256
                }, 
                {
                 "gid":133,
                 "height":32,
                 "id":149,
                 "name":"",
                 "properties":
                    {

                    },
                 "rotation":0,
                 "type":"",
                 "visible":true,
                 "width":32,
                 "x":96,
                 "y":256
                }, 
                {
                 "gid":133,
                 "height":32,
                 "id":150,
                 "name":"",
                 "properties":
                    {

                    },
                 "rotation":0,
                 "type":"",
                 "visible":true,
                 "width":32,
                 "x":128,
                 "y":256
                }, 
                {
                 "gid":133,
                 "height":32,
                 "id":151,
                 "name":"",
                 "properties":
                    {

                    },
                 "rotation":0,
                 "type":"",
                 "visible":true,
                 "width":32,
                 "x":160,
                 "y":256
                }, 
                {
                 "gid":145,
                 "height":32,
                 "id":153,
                 "name":"",
                 "properties":
                    {
                     "type":"pot2"
                    },
                 "rotation":0,
                 "type":"",
                 "visible":true,
                 "width":32,
                 "x":352,
                 "y":160
                }, 
                {
                 "gid":145,
                 "height":32,
                 "id":154,
                 "name":"",
                 "properties":
                    {
                     "type":"pot2"
                    },
                 "rotation":0,
                 "type":"",
                 "visible":true,
                 "width":32,
                 "x":288,
                 "y":288
                }, 
                {
                 "gid":145,
                 "height":32,
                 "id":156,
                 "name":"",
                 "properties":
                    {
                     "type":"pot2"
                    },
                 "rotation":0,
                 "type":"",
                 "visible":true,
                 "width":32,
                 "x":320,
                 "y":320
                }, 
                {
                 "gid":145,
                 "height":32,
                 "id":158,
                 "name":"",
                 "properties":
                    {
                     "type":"pot2"
                    },
                 "rotation":0,
                 "type":"",
                 "visible":true,
                 "width":32,
                 "x":256,
                 "y":320
                }, 
                {
                 "gid":145,
                 "height":32,
                 "id":164,
                 "name":"",
                 "properties":
                    {
                     "type":"pot2"
                    },
                 "rotation":0,
                 "type":"",
                 "visible":true,
                 "width":32,
                 "x":256,
                 "y":384
                }, 
                {
                 "gid":144,
                 "height":32,
                 "id":165,
                 "name":"",
                 "properties":
                    {
                     "type":"pot3"
                    },
                 "rotation":0,
                 "type":"",
                 "visible":true,
                 "width":32,
                 "x":320,
                 "y":288
                }, 
                {
                 "gid":144,
                 "height":32,
                 "id":166,
                 "name":"",
                 "properties":
                    {
                     "type":"pot3"
                    },
                 "rotation":0,
                 "type":"",
                 "visible":true,
                 "width":32,
                 "x":288,
                 "y":320
                }, 
                {
                 "gid":144,
                 "height":32,
                 "id":167,
                 "name":"",
                 "properties":
                    {
                     "type":"pot3"
                    },
                 "rotation":0,
                 "type":"",
                 "visible":true,
                 "width":32,
                 "x":256,
                 "y":288
                }, 
                {
                 "gid":133,
                 "height":32,
                 "id":168,
                 "name":"",
                 "properties":
                    {

                    },
                 "rotation":0,
                 "type":"",
                 "visible":true,
                 "width":32,
                 "x":256,
                 "y":128
                }, 
                {
                 "gid":133,
                 "height":32,
                 "id":169,
                 "name":"",
                 "properties":
                    {

                    },
                 "rotation":0,
                 "type":"",
                 "visible":true,
                 "width":32,
                 "x":288,
                 "y":128
                }, 
                {
                 "gid":133,
                 "height":32,
                 "id":170,
                 "name":"",
                 "properties":
                    {

                    },
                 "rotation":0,
                 "type":"",
                 "visible":true,
                 "width":32,
                 "x":352,
                 "y":160
                }, 
                {
                 "gid":133,
                 "height":32,
                 "id":171,
                 "name":"",
                 "properties":
                    {

                    },
                 "rotation":0,
                 "type":"",
                 "visible":true,
                 "width":32,
                 "x":288,
                 "y":288
                }, 
                {
                 "gid":133,
                 "height":32,
                 "id":172,
                 "name":"",
                 "properties":
                    {

                    },
                 "rotation":0,
                 "type":"",
                 "visible":true,
                 "width":32,
                 "x":320,
                 "y":320
                }, 
                {
                 "gid":133,
                 "height":32,
                 "id":173,
                 "name":"",
                 "properties":
                    {

                    },
                 "rotation":0,
                 "type":"",
                 "visible":true,
                 "width":32,
                 "x":256,
                 "y":384
                }, 
                {
                 "gid":133,
                 "height":32,
                 "id":174,
                 "name":"",
                 "properties":
                    {

                    },
                 "rotation":0,
                 "type":"",
                 "visible":true,
                 "width":32,
                 "x":32,
                 "y":384
                }, 
                {
                 "gid":133,
                 "height":32,
                 "id":175,
                 "name":"",
                 "properties":
                    {

                    },
                 "rotation":0,
                 "type":"",
                 "visible":true,
                 "width":32,
                 "x":96,
                 "y":384
                }, 
                {
                 "gid":133,
                 "height":32,
                 "id":176,
                 "name":"",
                 "properties":
                    {

                    },
                 "rotation":0,
                 "type":"",
                 "visible":true,
                 "width":32,
                 "x":352,
                 "y":288
                }, 
                {
                 "gid":133,
                 "height":32,
                 "id":177,
                 "name":"",
                 "properties":
                    {

                    },
                 "rotation":0,
                 "type":"",
                 "visible":true,
                 "width":32,
                 "x":352,
                 "y":192
                }, 
                {
                 "gid":144,
                 "height":32,
                 "id":178,
                 "name":"",
                 "properties":
                    {
                     "type":"pot3"
                    },
                 "rotation":0,
                 "type":"",
                 "visible":true,
                 "width":32,
                 "x":96,
                 "y":128
                }, 
                {
                 "gid":144,
                 "height":32,
                 "id":179,
                 "name":"",
                 "properties":
                    {
                     "type":"pot3"
                    },
                 "rotation":0,
                 "type":"",
                 "visible":true,
                 "width":32,
                 "x":160,
                 "y":128
                }, 
                {
                 "gid":144,
                 "height":32,
                 "id":180,
                 "name":"",
                 "properties":
                    {
                     "type":"pot3"
                    },
                 "rotation":0,
                 "type":"",
                 "visible":true,
                 "width":32,
                 "x":64,
                 "y":192
                }, 
                {
                 "gid":144,
                 "height":32,
                 "id":181,
                 "name":"",
                 "properties":
                    {
                     "type":"pot3"
                    },
                 "rotation":0,
                 "type":"",
                 "visible":true,
                 "width":32,
                 "x":192,
                 "y":384
                }, 
                {
                 "gid":144,
                 "height":32,
                 "id":184,
                 "name":"",
                 "properties":
                    {
                     "type":"pot3"
                    },
                 "rotation":0,
                 "type":"",
                 "visible":true,
                 "width":32,
                 "x":384,
                 "y":288
                }, 
                {
                 "gid":133,
                 "height":32,
                 "id":185,
                 "name":"",
                 "properties":
                    {

                    },
                 "rotation":0,
                 "type":"",
                 "visible":true,
                 "width":32,
                 "x":384,
                 "y":288
                }, 
                {
                 "gid":140,
                 "height":32,
                 "id":186,
                 "name":"",
                 "properties":
                    {
                     "type":"playerStart2"
                    },
                 "rotation":0,
                 "type":"",
                 "visible":true,
                 "width":32,
                 "x":320,
                 "y":384
                }, 
                {
                 "gid":133,
                 "height":32,
                 "id":187,
                 "name":"",
                 "properties":
                    {

                    },
                 "rotation":0,
                 "type":"",
                 "visible":true,
                 "width":32,
                 "x":256,
                 "y":320
                }],
         "opacity":1,
         "type":"objectgroup",
         "visible":true,
         "width":0,
         "x":0,
         "y":0
        }, 
        {
         "data":[0, 0, 0, 0, 0, 0, 0, 0, 0, 0, 0, 0, 0, 0, 0, 0, 0, 0, 0, 0, 0, 0, 0, 0, 0, 0, 0, 0, 0, 0, 0, 0, 0, 0, 0, 0, 0, 0, 0, 0, 0, 0, 0, 0, 0, 0, 0, 0, 0, 0, 0, 0, 0, 0, 0, 0, 0, 0, 0, 0, 0, 0, 0, 0, 0, 0, 0, 0, 0, 0, 0, 0, 0, 0, 0, 0, 0, 0, 0, 0, 0, 0, 0, 0, 0, 0, 0, 0, 0, 0, 0, 0, 0, 0, 0, 0, 0, 0, 0, 0, 0, 0, 0, 0, 0, 0, 0, 0, 0, 0, 0, 0, 0, 0, 0, 0, 0, 0, 0, 0, 0, 0, 0, 0, 0, 0, 0, 0, 0, 0, 0, 0, 0, 0, 0, 0, 0, 0, 0, 0, 0, 0, 0, 0, 0, 0, 0, 0, 0, 0, 0, 0, 0, 0, 0, 0, 0, 0, 0, 0, 0, 0, 0, 0, 0, 0, 0, 0, 0, 0, 0, 0, 0, 0, 0, 0, 0, 0, 0, 0, 0, 0, 0, 0, 0, 0, 0, 0, 0, 0, 0, 0, 0, 0, 0, 0, 0, 0, 0, 0, 0, 0, 0, 0, 0, 0, 0, 0, 0, 0],
         "height":15,
         "name":"triggerLayer",
         "opacity":1,
         "type":"tilelayer",
         "visible":true,
         "width":14,
         "x":0,
         "y":0
        }, 
        {
         "data":[0, 0, 0, 0, 0, 0, 0, 0, 0, 0, 0, 0, 0, 0, 0, 0, 0, 0, 0, 0, 0, 0, 0, 0, 0, 0, 0, 0, 0, 0, 0, 0, 0, 0, 0, 0, 0, 0, 0, 0, 0, 0, 0, 0, 0, 0, 0, 0, 0, 0, 0, 0, 0, 0, 0, 0, 0, 0, 0, 0, 0, 0, 0, 0, 0, 0, 0, 0, 0, 0, 0, 0, 0, 0, 0, 0, 0, 0, 0, 0, 0, 0, 0, 0, 0, 0, 0, 0, 0, 0, 0, 0, 0, 0, 0, 0, 0, 0, 0, 0, 0, 0, 0, 0, 0, 0, 0, 0, 0, 0, 0, 0, 0, 0, 0, 0, 0, 0, 0, 0, 0, 0, 0, 0, 0, 0, 0, 0, 0, 0, 0, 0, 0, 0, 0, 0, 0, 0, 0, 0, 0, 0, 0, 0, 0, 0, 0, 0, 0, 0, 0, 0, 141, 0, 0, 0, 0, 0, 0, 0, 0, 0, 0, 0, 0, 141, 141, 0, 0, 0, 0, 0, 0, 0, 0, 0, 0, 0, 0, 0, 0, 0, 0, 0, 0, 0, 0, 0, 0, 0, 0, 0, 0, 0, 0, 0, 0, 0, 0, 0, 0, 0, 0, 0, 0, 0, 0, 0, 0, 0],
         "height":15,
         "name":"levelExitLayer",
         "opacity":1,
         "type":"tilelayer",
         "visible":true,
         "width":14,
         "x":0,
         "y":0
        }, 
        {
         "data":[0, 0, 0, 0, 0, 0, 0, 0, 0, 0, 0, 0, 0, 0, 0, 0, 0, 0, 0, 0, 0, 0, 0, 0, 0, 0, 0, 0, 0, 0, 0, 0, 0, 0, 0, 0, 0, 0, 0, 0, 0, 0, 0, 0, 0, 0, 0, 0, 0, 0, 0, 0, 0, 0, 0, 0, 0, 0, 0, 0, 0, 82, 0, 0, 0, 0, 0, 0, 0, 0, 0, 0, 0, 0, 0, 0, 0, 0, 83, 0, 0, 0, 0, 0, 0, 100, 101, 102, 103, 104, 0, 0, 0, 0, 0, 0, 0, 0, 0, 111, 112, 113, 114, 115, 0, 0, 0, 0, 0, 0, 0, 0, 0, 0, 0, 105, 106, 107, 108, 109, 0, 0, 0, 0, 0, 0, 0, 0, 0, 116, 117, 118, 119, 120, 0, 0, 0, 0, 142, 0, 0, 0, 0, 0, 128, 129, 130, 0, 0, 0, 0, 0, 0, 0, 0, 0, 0, 0, 0, 0, 0, 0, 0, 0, 0, 0, 0, 0, 0, 0, 0, 0, 0, 0, 0, 0, 0, 0, 0, 0, 0, 0, 0, 0, 0, 0, 0, 0, 0, 0, 0, 0, 0, 0, 0, 0, 0, 0, 0, 0, 0, 0, 0, 0, 0, 0, 0, 0, 0, 0],
         "height":15,
         "name":"detalLayer3_overChar",
         "opacity":1,
         "type":"tilelayer",
         "visible":true,
         "width":14,
         "x":0,
         "y":0
        }],
 "nextobjectid":188,
 "orientation":"orthogonal",
 "properties":
    {

    },
 "renderorder":"right-down",
 "tileheight":32,
 "tilesets":[
        {
         "firstgid":1,
         "image":"..\/img\/tiles-lvl2-1-32x32.png",
         "imageheight":448,
         "imagewidth":352,
         "margin":0,
         "name":"tiles-lvl2-1-32x32",
         "properties":
            {

            },
         "spacing":0,
         "tileheight":32,
         "tileproperties":
            {
             "132":
                {
                 "type":"item"
                },
             "139":
                {
                 "type":"playerStart"
                }
            },
         "tilewidth":32
        }],
 "tilewidth":32,
 "version":1,
 "width":14
}